Index,Name,Band,PC,RA,DEC,Flux,Quality
0,J0005+544,U,A,00h05m04.363531s,54d28m24.926230s,0.48,S
1,J0005+383,U,A,00h05m57.175409s,38d20m15.148570s,0.67,S
2,J0006-063,U,A,00h06m13.892894s,-06d23m35.335300s,1.1,P
3,J0008+686,U,C,00h08m33.471549s,68d37m22.045040s,0.29,W
4,J0010+109,U,A,00h10m31.005888s,10d58m29.504120s,0.35,W
5,J0010+174,U,A,00h10m33.990619s,17d24m18.761350s,0.7,S
6,J0010-418,U,C,00h10m52.519686s,-41d53m10.790750s,0.25,X
7,J0011-262,U,A,00h11m01.246752s,-26d12m33.377130s,0.7,S
8,J0011+707,U,A,00h11m31.902830s,70d45m31.625550s,0.5,S
9,J0013+408,U,A,00h13m31.130213s,40d51m37.144070s,0.7,X
10,J0014+612,U,C,00h14m48.8154s,61d17m43.8529s,0.9,S
11,J0017+815,U,A,00h17m08.474953s,81d35m08.136330s,0.6,S
12,J0017+532,U,A,00h17m51.759893s,53d12m19.121000s,0.6,S
13,J0019+203,U,A,00h19m37.854504s,20d21m45.644610s,1.1,P
14,J0019+734,U,A,00h19m45.786427s,73d27m30.017450s,1.4,P
15,J0022+002,U,B,00h22m25.425930s,00d14m56.161440s,0.35,X
16,J0022+061,U,B,00h22m32.441226s,06d08m04.268930s,0.5,S
17,J0024-420,U,B,00h24m42.989921s,-42d02m03.950200s,0.4,S
18,J0025+393,U,A,00h25m26.157705s,39d19m35.439500s,0.6,S
19,J0025-260,U,C,00h25m49.1683s,-26d02m12.695s,1.5,S
20,J0029+349,U,B,00h29m14.242456s,34d56m32.246560s,0.6,S
21,J0038+416,U,A,00h38m24.843610s,41d37m06.000570s,1.3,P
22,J0042+233,U,A,00h42m04.545183s,23d20m01.061290s,0.7,S
23,J0042+571,U,A,00h42m19.451772s,57d08m36.585690s,0.7,S
24,J0049+026,U,A,00h49m43.235929s,02d37m03.778200s,0.5,S
25,J0050-094,U,A,00h50m41.317390s,-09d29m05.210210s,1.7,P
26,J0056+164,U,C,00h56m55.294159s,16d25m13.338960s,0.9,S
27,J0057+303,U,A,00h57m48.883353s,30d21m08.812130s,0.7,S
28,J0059+001,U,A,00h59m05.514924s,00d06m51.621710s,0.7,S
29,J0100+681,U,B,01h00m51.663538s,68d08m20.534910s,0.6,S
30,J0102+584,U,A,01h02m45.762384s,58d24m11.136620s,2.3,P
31,J0105+483,U,A,01h05m49.928164s,48d19m03.192580s,0.6,S
32,J0106-405,U,B,01h06m45.107966s,-40d34m19.960360s,5.1,P
33,J0108+015,U,B,01h08m38.771074s,01d35m00.317140s,4.5,S
34,J0110+680,U,B,01h10m12.873407s,68d05m41.218500s,0.4,X
35,J0110-076,U,A,01h10m50.020945s,-07d41m41.113690s,0.4,S
36,J0110+565,U,C,01h10m57.5610s,56d32m16.932s,0.3,S
37,J0111+391,U,A,01h11m37.316982s,39d06m28.104300s,0.51,S
38,J0112+227,U,A,01h12m05.824718s,22d44m38.786190s,0.5,S
39,J0113+498,U,A,01h13m27.006816s,49d48m24.043410s,0.73,S
40,J0113+023,U,A,01h13m43.144951s,02d22m17.316310s,0.6,S
41,J0115-014,U,A,01h15m17.099972s,-01d27m04.577370s,1.7,P
42,J0116-116,U,A,01h16m12.521963s,-11d36m15.434050s,1.1,P
43,J0119+321,U,C,01h19m35.000447s,32d10m50.054290s,0.7,S
44,J0120-270,U,A,01h20m31.663334s,-27d01m24.652570s,0.7,S
45,J0121+118,U,A,01h21m41.595043s,11d49m50.413130s,1.06,S
46,J0121+043,U,A,01h21m56.861699s,04d22m24.734360s,1.2,P
47,J0122+250,U,A,01h22m38.815999s,25d02m31.793180s,0.89,S
48,J0125-000,U,A,01h25m28.843788s,-00d05m55.931800s,1.5,P
49,J0132-169,U,A,01h32m43.487454s,-16d54m48.521370s,0.6,S
50,J0135-201,U,A,01h35m37.509375s,-20d08m45.861680s,0.46,S
51,J0136+478,U,A,01h36m58.594810s,47d51m29.100060s,1.6,P
52,J0137-245,U,A,01h37m38.346378s,-24d30m53.885260s,0.9,S
53,J0137+331,U,B,01h37m41.299431s,33d09m35.132990s,1.78,P
54,J0141-094,U,A,01h41m25.832025s,-09d28m43.673810s,1.6,S
55,J0145-275,U,A,01h45m03.394589s,-27d33m34.328870s,0.5,S
56,J0149+059,U,A,01h49m22.370886s,05d55m53.568660s,0.75,S
57,J0149+189,U,A,01h49m49.718946s,18d57m20.610890s,0.5,S
58,J0151+277,U,A,01h51m27.146149s,27d44m41.793650s,0.6,S
59,J0152+221,U,A,01h52m18.059047s,22d07m07.700040s,1.3,S
60,J0153-331,U,A,01h53m10.121744s,-33d10m25.861310s,0.65,S
61,J0154+477,U,A,01h54m56.289876s,47d43m26.539140s,0.79,S
62,J0155-408,U,B,01h55m37.059378s,-40d48m42.356450s,0.52,S
63,J0157+747,U,A,01h57m34.964908s,74d42m43.229980s,0.5,S
64,J0203+115,U,A,02h03m46.657061s,11d34m45.409620s,0.5,S
65,J0204+152,U,A,02h04m50.413904s,15d14m11.043460s,2.0,P
66,J0204-170,U,A,02h04m57.674350s,-17d01m19.840180s,0.9,P
67,J0205+322,U,A,02h05m04.925371s,32d12m30.095600s,1.4,S
68,J0215-023,U,A,02h15m42.017245s,-02d22m56.751750s,0.6,S
69,J0217+738,U,A,02h17m30.813363s,73d49m32.621760s,2.1,P
70,J0217+017,U,A,02h17m48.954740s,01d44m49.699090s,1.4,S
71,J0219+013,U,A,02h19m07.024497s,01d20m59.865760s,0.7,S
72,J0221+359,U,C,02h21m05.4733s,35d56m13.791s,1.1,S
73,J0222-346,U,A,02h22m56.401625s,-34d41m28.730110s,0.6,S
74,J0224+069,U,A,02h24m28.428190s,06d59m23.341640s,1.4,S
75,J0226+343,U,A,02h26m10.333198s,34d21m30.286450s,1.1,P
76,J0228+673,U,A,02h28m50.051459s,67d21m03.029260s,2.3,P
77,J0231+133,U,A,02h31m45.894054s,13d22m54.716270s,2.5,S
78,J0237+288,U,A,02h37m52.405678s,28d48m08.990080s,2.5,P
79,J0238+166,U,A,02h38m38.930108s,16d36m59.274710s,3.3,P
80,J0239-025,U,A,02h39m45.472266s,-02d34m40.914300s,1.0,S
81,J0239+042,U,A,02h39m51.263048s,04d16m21.411830s,0.8,S
82,J0240-231,U,B,02h40m08.174510s,-23d09m15.730850s,0.9,P
83,J0241-082,U,A,02h41m04.798520s,-08d15m20.751840s,0.8,S
84,J0242+110,U,A,02h42m29.170847s,11d01m00.728230s,1.0,S
85,J0244+624,U,B,02h44m57.696827s,62d28m06.514590s,1.25,P
86,J0249+063,U,A,02h49m18.016104s,06d19m51.947230s,0.5,S
87,J0251+432,U,A,02h51m34.536779s,43d15m15.828580s,1.1,S
88,J0259+077,U,A,02h59m27.076633s,07d47m39.643230s,0.5,S
89,J0302+123,U,A,03h02m30.546779s,12d18m56.750940s,0.31,W
90,J0303+472,U,A,03h03m35.242226s,47d16m16.275460s,2.9,P
91,J0304+683,U,A,03h04m22.003817s,68d21m37.474460s,0.6,S
92,J0309+104,U,A,03h09m03.623523s,10d29m16.340820s,1.1,S
93,J0313+413,U,A,03h13m01.962129s,41d20m01.183530s,0.55,S
94,J0318+164,U,A,03h18m57.802658s,16d28m32.698500s,0.7,S
95,J0319+415,U,B,03h19m48.160102s,41d30m42.103050s,20.7,P
96,J0319+190,U,A,03h19m51.256732s,19d01m31.290890s,0.3,S
97,J0321+123,U,A,03h21m53.103505s,12d21m13.954030s,0.75,S
98,J0325+469,U,A,03h25m20.303846s,46d55m06.635090s,0.46,W
99,J0325+226,U,A,03h25m36.814375s,22d24m00.365180s,1.14,P
100,J0329-239,U,A,03h29m54.075537s,-23d57m08.773300s,1.0,S
101,J0329+279,U,B,03h29m57.669413s,27d56m15.499140s,0.45,W
102,J0334-401,U,B,03h34m13.654494s,-40d08m25.397980s,1.55,P
103,J0334+080,U,A,03h34m53.316689s,08d00m14.418780s,0.4,S
104,J0336+323,U,A,03h36m30.107599s,32d18m29.342390s,1.56,P
105,J0339-017,U,A,03h39m30.937787s,-01d46m35.803990s,2.35,S
106,J0340-213,U,A,03h40m35.607864s,-21d19m31.172230s,1.0,S
107,J0344+159,U,A,03h44m23.172172s,15d59m43.369310s,0.33,S
108,J0345+148,U,A,03h45m06.416546s,14d53m49.558180s,0.4,W
109,J0348-278,U,A,03h48m38.144561s,-27d49m13.565300s,2.2,P
110,J0348+338,U,T,03h48m46.9045s,33d53m14.965s,0.2,X
111,J0349+461,U,A,03h49m18.741557s,46d09m59.658150s,0.9,P
112,J0354+467,U,A,03h54m30.011634s,46d43m18.750530s,0.6,S
113,J0357+233,U,A,03h57m21.609873s,23d19m53.826090s,0.8,S
114,J0359+600,U,A,03h59m02.639962s,60d05m22.068550s,0.6,S
115,J0359+509,U,B,03h59m29.747262s,50d57m50.161510s,3.5,S
116,J0359+323,U,A,03h59m44.912900s,32d20m47.155500s,1.1,P
117,J0402-317,U,A,04h02m21.266027s,-31d47m25.945580s,0.4,S
118,J0403+260,U,A,04h03m05.586048s,26d00m01.502740s,0.9,S
119,J0403-360,U,B,04h03m53.749908s,-36d05m01.913200s,4.2,P
120,J0405-131,U,A,04h05m34.003401s,-13d08m13.691050s,1.9,S
121,J0405+380,U,A,04h05m49.262371s,38d03m32.235500s,0.35,S
122,J0406-384,U,A,04h06m59.035347s,-38d26m28.042060s,2.0,P
123,J0407-330,U,C,04h07m33.9211s,-33d03m46.001s,0.6,S
124,J0409+122,U,A,04h09m22.008740s,12d17m39.847500s,0.85,S
125,J0410+769,U,C,04h10m45.6057s,76d56m45.301s,1.46,P
126,J0414+343,U,A,04h14m37.255748s,34d18m51.207380s,0.97,P
127,J0416-188,U,A,04h16m36.544466s,-18d51m08.340120s,1.1,P
128,J0419+399,U,A,04h19m22.549539s,39d55m28.977640s,0.4,W
129,J0422+534,U,B,04h22m44.398788s,53d24m26.263130s,0.3,W
130,J0422+023,U,A,04h22m52.214644s,02d19m26.931920s,0.9,S
131,J0423-013,U,A,04h23m15.800727s,-01d20m33.065310s,4.3,P
132,J0423+418,U,A,04h23m56.009795s,41d50m02.712770s,0.72,P
133,J0424+020,U,A,04h24m08.562028s,02d04m24.964950s,0.4,S
134,J0424-379,U,A,04h24m42.243727s,-37d56m20.784230s,1.3,P
135,J0424+006,U,A,04h24m46.842052s,00d36m06.329830s,0.6,S
136,J0427+415,U,A,04h27m46.045552s,41d33m01.099640s,0.5,S
137,J0427+049,U,A,04h27m47.570514s,04d57m08.325980s,0.4,W
138,J0428+329,U,A,04h28m05.808723s,32d59m52.043850s,0.4,W
139,J0428-379,U,A,04h28m40.424306s,-37d56m19.580310s,1.3,P
140,J0431+206,U,B,04h31m03.7620s,20d37m34.250s,1.1,S
141,J0432+416,U,A,04h32m36.502609s,41d38m28.448550s,1.6,P
142,J0433+053,U,A,04h33m11.095535s,05d21m15.619420s,3.1,S
143,J0437-187,U,B,04h37m01.482736s,-18d44m48.613410s,0.7,S
144,J0440-435,U,A,04h40m17.179992s,-43d33m08.604060s,2.0,S
145,J0441-336,U,C,04h41m33.7754s,-33d40m03.721s,0.25,X
146,J0442-002,U,A,04h42m38.660762s,-00d17m43.419100s,1.1,S
147,J0443+346,U,A,04h43m31.635199s,34d41m06.664090s,0.5,S
148,J0449+113,U,A,04h49m07.671119s,11d21m28.596620s,1.1,P
149,J0449+635,U,A,04h49m23.310586s,63d32m09.434490s,1.0,S
150,J0449-391,U,C,04h49m42.2594s,-39d11m09.056s,1.0,P
151,J0453-281,U,A,04h53m14.646807s,-28d07m37.327600s,1.1,P
152,J0457-234,U,A,04h57m03.179230s,-23d24m52.020050s,1.5,P
153,J0457+067,U,A,04h57m07.709927s,06d45m07.260640s,0.4,S
154,J0459+024,U,A,04h59m52.050664s,02d29m31.176310s,0.6,S
155,J0501-019,U,A,05h01m12.809888s,-01d59m14.256200s,3.1,P
156,J0501+139,U,A,05h01m45.270840s,13d56m07.220630s,0.38,W
157,J0502+061,U,A,05h02m15.445934s,06d09m07.494300s,0.62,S
158,J0502+136,U,A,05h02m33.219510s,13d38m10.958700s,0.1,X
159,J0503+020,U,A,05h03m21.197177s,02d03m04.676380s,1.1,P
160,J0505+049,U,A,05h05m23.184723s,04d59m42.724480s,0.5,S
161,J0508+845,U,B,05h08m42.363503s,84d32m04.544020s,0.3,S
162,J0509+056,U,A,05h09m25.964466s,05d41m35.333530s,0.7,S
163,J0509+101,U,A,05h09m27.457077s,10d11m44.600160s,0.7,S
164,J0510+180,U,A,05h10m02.369122s,18d00m41.581710s,1.0,P
165,J0512+152,U,A,05h12m41.012900s,15d17m23.479270s,0.7,S
166,J0513-219,U,A,05h13m49.114326s,-21d59m16.092020s,1.0,P
167,J0516-160,U,A,05h16m15.929354s,-16d03m07.634560s,0.4,X
168,J0517+068,U,A,05h17m51.344149s,06d48m03.210710s,0.5,S
169,J0521+166,U,A,05h21m09.886021s,16d38m22.051220s,1.56,S
170,J0527+035,U,A,05h27m32.705431s,03d31m31.516650s,0.4,W
171,J0530-250,U,A,05h30m07.962795s,-25d03m29.899590s,0.55,S
172,J0530+135,U,A,05h30m56.416744s,13d31m55.149550s,3.2,P
173,J0532+075,U,A,05h32m38.998531s,07d32m43.345860s,2.2,P
174,J0533+483,U,A,05h33m15.865786s,48d22m52.807840s,0.6,W
175,J0534+194,U,C,05h34m44.5183s,19d27m21.378s,0.9,S
176,J0536+506,U,A,05h36m20.231904s,50d38m26.251560s,0.6,S
177,J0536-340,U,C,05h36m28.4383s,-34d01m11.381s,0.8,S
178,J0538-440,U,A,05h38m50.361551s,-44d05m08.939080s,4.5,P
179,J0539+145,U,A,05h39m42.365999s,14d33m45.561900s,0.5,S
180,J0539-286,U,A,05h39m54.281429s,-28d39m55.947450s,0.9,S
181,J0541+532,U,A,05h41m16.174035s,53d12m24.834150s,0.5,S
182,J0541-056,U,A,05h41m38.083384s,-05d41m49.428390s,1.3,P
183,J0542+498,U,A,05h42m36.137916s,49d51m07.233560s,2.78,S
184,J0552+032,U,A,05h52m50.101478s,03d13m27.243150s,0.8,S
185,J0552+379,U,A,05h52m17.936879s,37d54m25.281910s,0.46,S
186,J0547+273,U,A,05h47m34.148941s,27d21m56.842400s,0.6,S
187,J0555+398,U,A,05h55m30.805608s,39d48m49.165000s,2.8,P
188,J0559+580,U,B,05h59m13.394183s,58d04m03.446230s,0.25,W
189,J0559+238,U,A,05h59m32.033133s,23d53m53.926900s,0.8,S
190,J0603+177,U,A,06h03m09.130269s,17d42m16.810700s,0.4,W
191,J0604-424,U,C,06h04m25.1779s,-42d25m29.593s,0.8,S
192,J0604+203,U,C,06h04m28.6695s,20d21m22.232s,0.0,X
193,J0605+405,U,A,06h05m50.855350s,40d30m08.103030s,1.1,P
194,J0607+476,U,A,06h07m23.254983s,47d39m46.942230s,0.5,S
195,J0607+673,U,A,06h07m52.671622s,67d20m55.409770s,0.5,S
196,J0607-085,U,A,06h07m59.699243s,-08d34m49.978150s,2.1,P
197,J0608-223,U,A,06h08m59.686836s,-22d20m20.955920s,0.6,S
198,J0609-157,U,A,06h09m40.949538s,-15d42m40.672640s,9.0,S
199,J0613+131,U,A,06h13m57.692766s,13d06m45.401160s,0.5,S
200,J0614+607,U,A,06h14m23.866195s,60d46m21.755380s,0.7,S
201,J0624+389,U,A,06h24m19.021305s,38d56m48.735910s,0.5,S
202,J0625+146,U,C,06h25m45.9187s,14d40m19.550s,0.4,S
203,J0625+446,U,A,06h25m18.265386s,44d40m01.626220s,0.22,W
204,J0626+820,U,B,06h26m03.006188s,82d02m25.567640s,0.5,S
205,J0629-199,U,A,06h29m23.761851s,-19d59m19.723450s,0.6,S
206,J0632+103,U,C,06h32m15.3269s,10d22m01.676s,0.2,X
207,J0632+159,U,A,06h32m43.135530s,15d59m57.619770s,0.4,W
208,J0639-337,U,A,06h39m20.904674s,-33d46m00.113060s,0.3,S
209,J0639+734,U,A,06h39m21.961192s,73d24m58.040490s,1.1,S
210,J0642+679,U,A,06h42m04.257418s,67d58m35.620850s,0.4,S
211,J0644-349,U,C,06h44m25.2817s,-34d59m42.140s,0.8,S
212,J0645+213,U,A,06h45m24.099508s,21d21m51.201600s,0.5,S
213,J0646+448,U,A,06h46m32.025985s,44d51m16.590130s,2.5,P
214,J0648-307,U,A,06h48m14.096441s,-30d44m19.659400s,0.85,P
215,J0650-166,U,A,06h50m24.581852s,-16d37m39.725000s,2.7,S
216,J0650+600,U,A,06h50m31.254325s,60d01m44.555690s,0.5,S
217,J0651+691,U,C,06h51m54.9507s,69d11m12.720s,0.0,X
218,J0653+370,U,A,06h53m58.282842s,37d05m40.606420s,0.5,S
219,J0659+082,U,A,06h59m17.996026s,08d13m30.953190s,0.5,S
220,J0700+171,U,A,07h00m01.525538s,17d09m21.701540s,1.0,P
221,J0710+475,U,A,07h10m46.104900s,47d32m11.142670s,0.7,S
222,J0713+438,U,B,07h13m38.164129s,43d49m17.206980s,0.73,S
223,J0714+355,U,B,07h14m24.817480s,35d34m39.795330s,0.6,S
224,J0721+041,U,A,07h21m23.909988s,04d06m44.213910s,0.5,S
225,J0721+713,U,A,07h21m53.448459s,71d20m36.363390s,0.9,S
226,J0725+144,U,A,07h25m16.807752s,14d25m13.746840s,0.8,S
227,J0725-009,U,A,07h25m50.639953s,-00d54m56.544380s,1.1,P
228,J0726+791,U,A,07h26m11.735177s,79d11m31.016240s,0.6,S
229,J0728+218,U,A,07h28m20.608297s,21d53m06.390580s,0.4,W
230,J0730-116,U,A,07h30m19.112472s,-11d41m12.600480s,2.5,P
231,J0733+503,U,A,07h33m52.520556s,50d22m09.062070s,0.83,?
232,J0735+478,U,A,07h35m02.311676s,47d50m08.427470s,0.5,S
233,J0735-175,U,A,07h35m45.812488s,-17d35m48.502230s,1.0,P
234,J0738+177,U,A,07h38m07.393747s,17d42m18.998270s,1.9,P
235,J0739+016,U,A,07h39m18.033894s,01d37m04.618030s,2.05,P
236,J0741+312,U,A,07h41m10.703308s,31d12m00.228620s,1.0,P
237,J0744-064,U,C,07h44m21.6605s,-06d29m35.888s,1.0,S
238,J0745+101,U,A,07h45m33.059511s,10d11m12.692470s,2.2,P
239,J0745+317,U,A,07h45m41.671522s,31d42m56.615620s,0.8,S
240,J0745-007,U,B,07h45m54.082313s,-00d44m17.539800s,1.2,P
241,J0747-331,U,C,07h47m19.6883s,-33d10m47.127s,0.8,S
242,J0748+240,U,A,07h48m36.109278s,24d00m24.110180s,0.85,S
243,J0750+482,U,A,07h50m20.436304s,48d14m53.556410s,1.6,P
244,J0750+125,U,A,07h50m52.045731s,12d31m04.828160s,3.6,P
245,J0750+826,U,A,07h50m57.755565s,82d41m58.031850s,0.6,S
246,J0753+538,U,A,07h53m01.384573s,53d52m59.637160s,1.6,P
247,J0757+099,U,A,07h57m06.642936s,09d56m34.852100s,1.5,P
248,J0805+617,U,B,08h05m18.1851s,61d44m23.658s,0.61,S
249,J0808-078,U,A,08h08m15.536036s,-07d51m09.886340s,2.6,P
250,J0808+498,U,A,08h08m39.666274s,49d50m36.530460s,1.0,P
251,J0808+408,U,A,08h08m56.652038s,40d52m44.888890s,1.15,P
252,J0811+017,U,A,08h11m26.707322s,01d46m52.220020s,1.3,P
253,J0815+365,U,A,08h15m25.944824s,36d35m15.148300s,0.8,S
254,J0818+423,U,A,08h18m15.999602s,42d22m45.414940s,1.8,S
255,J0820-129,U,A,08h20m57.447616s,-12d58m59.169490s,1.2,S
256,J0823+223,U,A,08h23m24.759174s,22d23m03.288070s,1.0,S
257,J0824+558,U,A,08h24m47.236351s,55d52m42.669380s,0.9,S
258,J0824+392,U,A,08h24m55.483865s,39d16m41.904300s,1.38,P
259,J0825+031,U,A,08h25m50.338355s,03d09m24.520140s,2.7,P
260,J0826-225,U,A,08h26m01.572909s,-22d30m27.202110s,1.0,S
261,J0828-375,U,A,08h28m04.780268s,-37d31m06.280640s,2.5,P
262,J0830+241,U,A,08h30m52.086192s,24d10m59.820460s,1.5,S
263,J0832+185,U,A,08h32m16.040224s,18d32m12.133260s,0.4,S
264,J0832+492,U,A,08h32m23.216688s,49d13m21.038230s,1.2,S
265,J0834+555,U,A,08h34m54.904117s,55d34m21.070980s,1.6,P
266,J0836+274,U,A,08h36m22.888661s,27d28m52.533440s,0.3,W
267,J0836-202,U,A,08h36m39.215215s,-20d16m59.503500s,1.1,P
268,J0837-198,U,T,08h37m11.1820s,-19d51m56.810s,0.5,S
269,J0837+584,U,A,08h37m22.409733s,58d25m01.845210s,1.0,S
270,J0837+249,U,A,08h37m40.245676s,24d54m23.121600s,0.4,S
271,J0839+010,U,A,08h39m49.610999s,01d04m26.735700s,0.5,S
272,J0840+132,U,B,08h40m47.5890s,13d12m23.5600s,1.0,X
273,J0841+708,U,A,08h41m24.365281s,70d53m42.173090s,2.2,S
274,J0842+185,U,A,08h42m05.094180s,18d35m40.990610s,0.6,S
275,J0854+579,U,A,08h54m41.996385s,57d57m29.939280s,0.7,S
276,J0854+201,U,A,08h54m48.874925s,20d06m30.640880s,3.0,P
277,J0900-281,U,C,09h00m40.0390s,-28d08m20.350s,1.33,P
278,J0902-142,U,A,09h02m16.830907s,-14d15m30.875380s,1.6,P
279,J0903+468,U,A,09h03m03.990103s,46d51m04.137530s,1.3,S
280,J0909+013,U,A,09h09m10.091597s,01d21m35.617650s,1.4,P
281,J0915+295,U,A,09h15m52.401620s,29d33m24.042740s,0.2,W
282,J0920+446,U,A,09h20m58.458480s,44d41m53.985020s,1.5,P
283,J0921-263,U,B,09h21m29.353874s,-26d18m43.386040s,1.9,P
284,J0921+622,U,A,09h21m36.231054s,62d15m52.180350s,1.2,P
285,J0922-399,U,A,09h22m46.418268s,-39d59m35.067510s,1.6,S
286,J0925+003,U,A,09h25m07.815028s,00d19m13.933410s,0.5,S
287,J0927+390,U,A,09h27m03.013916s,39d02m20.851950s,6.6,P
288,J0927-205,U,A,09h27m51.824323s,-20d34m51.232660s,1.0,S
289,J0932+531,U,A,09h32m41.150834s,53d06m33.800800s,0.4,S
290,J0943-083,U,B,09h43m36.944364s,-08d19m30.812400s,0.4,S
291,J0948+406,U,A,09h48m55.338145s,40d39m44.587190s,0.8,S
292,J0954+177,U,A,09h54m56.823626s,17d43m31.222420s,0.6,S
293,J0956+252,U,A,09h56m49.875361s,25d15m16.049770s,0.9,S
294,J0957+553,U,C,09h57m38.184971s,55d22m57.769240s,0.8,X
295,J0958+474,U,A,09h58m19.671648s,47d25m07.842500s,0.7,S
296,J0958+324,U,A,09h58m20.949621s,32d24m02.209290s,1.1,S
297,J0958+655,U,A,09h58m47.245101s,65d33m54.818060s,0.6,S
298,J1007+139,U,A,10h07m41.498079s,13d56m29.600940s,0.7,S
299,J1008+075,U,T,10h08m00.0160s,07d30m16.552s,0.5,X
300,J1008+063,U,A,10h08m00.816171s,06d21m21.215060s,0.4,W
301,J1010+828,U,B,10h10m15.783046s,82d50m14.384080s,0.6,S
302,J1013+248,U,A,10h13m53.428737s,24d49m16.441100s,0.9,P
303,J1014+230,U,A,10h14m47.065445s,23d01m16.570910s,0.91,S
304,J1016+206,U,A,10h16m44.322063s,20d37m47.305260s,0.7,S
305,J1018-317,U,C,10h18m09.2675s,-31d44m13.983s,0.5,S
306,J1018+357,U,A,10h18m10.988079s,35d42m39.441310s,0.7,S
307,J1023+398,U,A,10h23m11.565623s,39d48m15.385390s,1.14,S
308,J1024-008,U,B,10h24m29.586611s,-00d52m55.497850s,0.4,S
309,J1025+128,U,A,10h25m56.285358s,12d53m49.022240s,0.7,S
310,J1033+412,U,A,10h33m03.707841s,41d16m06.232970s,0.5,S
311,J1033+395,U,A,10h33m22.060988s,39d35m51.083370s,0.4,S
312,J1033+608,U,A,10h33m51.428998s,60d51m07.334570s,0.5,S
313,J1035-201,U,A,10h35m02.155274s,-20d11m34.359750s,0.9,S
314,J1035+564,U,A,10h35m07.0399s,56d28m46.792s,0.4,S
315,J1037-295,U,B,10h37m16.079734s,-29d34m02.813220s,1.3,P
316,J1042+120,U,A,10h42m44.605212s,12d03m31.264070s,0.0,X
317,J1043+241,U,A,10h43m09.035777s,24d08m35.409460s,0.8,S
318,J1044+809,U,A,10h44m23.062554s,80d54m39.443030s,0.5,S
319,J1044+069,U,A,10h44m55.911239s,06d55m38.262770s,0.25,W
320,J1048-191,U,A,10h48m06.620606s,-19d09m35.726950s,1.3,P
321,J1048+717,U,A,10h48m27.619917s,71d43m35.938280s,1.3,P
322,J1048-412,U,C,10h48m38.2710s,-41d14m00.080s,0.25,X
323,J1051-316,U,A,10h51m04.777538s,-31d38m14.307410s,0.3,S
324,J1051+213,U,A,10h51m48.789073s,21d19m52.314110s,0.8,S
325,J1056+701,U,A,10h56m53.617492s,70d11m45.915850s,0.8,S
326,J1057-245,U,C,10h57m55.410047s,-24d33m48.871750s,0.2,X
327,J1058+812,U,A,10h58m11.535365s,81d14m32.675210s,0.8,S
328,J1058+015,U,A,10h58m29.605209s,01d33m58.823720s,4.0,P
329,J1103+302,U,A,11h03m13.301894s,30d14m42.702380s,0.4,W
330,J1106-211,U,T,11h06m22.3200s,-21d08m59.642s,0.0,X
331,J1112-219,U,B,11h12m49.848703s,-21d58m29.351860s,0.3,S
332,J1118+125,U,A,11h18m57.301443s,12d34m41.718060s,1.1,S
333,J1120-251,U,C,11h20m09.120788s,-25d08m07.608300s,0.02,X
334,J1120+143,U,C,11h20m27.807267s,14d20m54.991600s,0.3,S
335,J1122+180,U,A,11h22m29.711471s,18d05m26.343400s,0.4,S
336,J1125+261,U,A,11h25m53.711925s,26d10m19.978680s,0.7,S
337,J1127-189,U,A,11h27m04.392448s,-18d57m17.441660s,2.0,P
338,J1130-148,U,A,11h30m07.052580s,-14d49m27.388160s,2.3,P
339,J1130+382,U,A,11h30m53.282612s,38d15m18.547070s,1.3,P
340,J1131-050,U,A,11h31m30.516732s,-05d00m19.657360s,0.7,S
341,J1139+657,U,T,11h39m58.5418s,65d47m46.454s,0.0,X
342,J1145-228,U,A,11h45m22.046820s,-22d50m31.342980s,0.4,S
343,J1145+497,U,T,11h45m43.3748s,49d46m08.062s,0.0,X
344,J1146-247,U,A,11h46m08.103374s,-24d47m32.896810s,0.6,S
345,J1146-289,U,A,11h46m26.188639s,-28d59m18.504680s,0.7,S
346,J1146-334,U,C,11h46m28.4520s,-33d28m42.660s,0.34,X
347,J1146+399,U,A,11h46m58.297907s,39d58m34.304610s,1.6,P
348,J1147-382,U,A,11h47m01.370704s,-38d12m11.023530s,3.5,S
349,J1147+350,U,A,11h47m22.130606s,35d01m07.522920s,0.3,W
350,J1147-074,U,A,11h47m51.554036s,-07d24m41.141090s,0.7,S
351,J1148+594,U,B,11h48m50.358242s,59d24m56.382430s,0.38,W
352,J1150+242,U,A,11h50m19.212173s,24d17m53.835030s,0.7,S
353,J1150-003,U,A,11h50m43.870761s,-00d23m54.204900s,1.4,P
354,J1152+496,U,B,11h52m32.8735s,49d39m38.774s,0.51,S
355,J1153+809,U,A,11h53m12.499130s,80d58m29.154510s,1.3,P
356,J1153+495,U,A,11h53m24.466626s,49d31m08.830140s,1.22,S
357,J1154-350,U,C,11h54m21.7949s,-35d05m28.992s,0.9,S
358,J1157+166,U,A,11h57m34.836265s,16d38m59.650310s,0.5,S
359,J1158+248,U,A,11h58m25.787505s,24d50m17.963690s,0.4,S
360,J1159-224,U,A,11h59m11.267271s,-22d28m36.902200s,0.0,X
361,J1159+292,U,A,11h59m31.833911s,29d14m43.826940s,1.3,S
362,J1159-218,U,A,11h59m51.906135s,-21d48m53.707610s,0.4,S
363,J1203+480,U,B,12h03m29.8546s,48d03m13.629s,0.6,S
364,J1205-265,U,A,12h05m33.212335s,-26d34m04.464570s,1.0,S
365,J1206+642,U,T,12h06m24.6868s,64d13m37.340s,0.0,X
366,J1207+279,U,A,12h07m27.900475s,27d54m58.849970s,0.5,S
367,J1209-241,U,A,12h09m02.445128s,-24d06m20.759560s,1.0,P
368,J1209+436,U,T,12h09m13.4256s,43d39m17.628s,0.0,X
369,J1215+169,U,A,12h15m03.979124s,16d54m37.957360s,0.6,W
370,J1215-175,U,A,12h15m46.751770s,-17d31m45.402890s,4.4,S
371,J1215+348,U,A,12h15m55.601049s,34d48m15.220530s,0.7,S
372,J1217+585,U,A,12h17m11.018694s,58d35m26.248250s,0.0,X
373,J1217+301,U,A,12h17m52.081987s,30d07m00.636250s,0.4,S
374,J1219+484,U,A,12h19m06.414733s,48d29m56.164970s,0.52,S
375,J1220+292,U,B,12h20m06.8246s,29d16m50.716s,0.1,W
376,J1221+282,U,A,12h21m31.690515s,28d13m58.500260s,0.7,S
377,J1222+042,U,A,12h22m22.549618s,04d13m15.776300s,0.6,S
378,J1224+035,U,B,12h24m52.421938s,03d30m50.292910s,1.1,P
379,J1224+213,U,A,12h24m54.458387s,21d22m46.388610s,1.3,X
380,J1229+020,U,B,12h29m06.699729s,02d03m08.598190s,34.0,X
381,J1239+075,U,A,12h39m24.588312s,07d30m17.189090s,0.7,S
382,J1239-103,U,A,12h39m43.061498s,-10d23m28.692800s,0.9,S
383,J1242-047,U,T,12h42m19.6650s,-04d46m20.710s,0.0,X
384,J1242+378,U,A,12h42m51.369098s,37d51m00.025130s,0.6,S
385,J1246-075,U,A,12h46m04.232113s,-07d30m46.574500s,1.6,P
386,J1246-257,U,A,12h46m46.802040s,-25d47m49.288830s,2.2,P
387,J1248-199,U,A,12h48m23.898197s,-19d59m18.587620s,1.0,P
388,J1252+565,U,C,12h52m26.3873s,56d34m19.413s,0.0,X
389,J1254+116,U,A,12h54m38.255601s,11d41m05.895070s,0.9,S
390,J1256-057,U,B,12h56m11.166560s,-05d47m21.524580s,21.8,S
391,J1257-319,U,A,12h57m59.060804s,-31d55m16.851850s,0.7,S
392,J1258-223,U,A,12h58m54.478780s,-22d19m31.125450s,0.6,S
393,J1300+142,U,A,13h00m20.918799s,14d17m18.531070s,0.2,W
394,J1302+578,U,A,13h02m52.465282s,57d48m37.609420s,0.4,W
395,J1305-105,U,A,13h05m33.015026s,-10d33m19.428210s,1.2,P
396,J1308+657,U,T,13h08m22.4165s,65d44m11.781s,0.0,X
397,J1309+119,U,A,13h09m33.932431s,11d54m24.552420s,0.6,S
398,J1310+323,U,A,13h10m28.663845s,32d20m43.782950s,2.3,P
399,J1310+325,U,A,13h10m59.402725s,32d33m34.449560s,0.5,S
400,J1311-222,U,C,13h11m39.3347s,-22d16m41.748s,0.0,X
401,J1313+675,U,C,13h13m27.9848s,67d35m50.376s,0.3,S
402,J1316-336,U,A,13h16m07.985939s,-33d38m59.172500s,1.2,P
403,J1317+344,U,A,13h17m36.494189s,34d25m15.932660s,0.3,W
404,J1323-448,U,B,13h23m04.246182s,-44d52m33.853400s,0.3,S
405,J1323+797,U,B,13h23m51.569786s,79d42m51.847060s,0.6,S
406,J1326+319,U,A,13h26m16.512212s,31d54m09.515380s,1.0,S
407,J1327+221,U,A,13h27m00.861311s,22d10m50.163060s,1.6,P
408,J1329+319,U,A,13h29m52.864930s,31d54m11.055010s,1.4,P
409,J1330+251,U,C,13h30m37.6892s,25d09m10.978s,1.6,P
410,J1331+305,U,A,13h31m08.287984s,30d30m32.958850s,3.4,S
411,J1337-129,U,A,13h37m39.782780s,-12d57m24.693230s,3.0,S
412,J1338-064,U,T,13h38m08.0700s,-06d27m11.200s,0.0,X
413,J1339-263,U,A,13h39m19.890748s,-26d20m30.495900s,0.5,S
414,J1340+379,U,A,13h40m22.951801s,37d54m43.833640s,0.1,X
415,J1342+603,U,T,13h42m13.0249s,60d21m42.485s,0.0,X
416,J1344+661,U,A,13h44m08.679674s,66d06m11.643810s,0.8,S
417,J1344+141,U,C,13h44m23.7421s,14d09m14.856s,0.0,X
418,J1345+497,U,T,13h45m26.3742s,49d46m32.924s,0.0,X
419,J1347-080,U,T,13h47m01.5230s,-08d03m23.840s,0.0,X
420,J1347+122,U,A,13h47m33.361645s,12d17m24.238900s,1.6,P
421,J1349+536,U,A,13h49m34.656623s,53d41m17.040280s,0.7,S
422,J1349-393,U,T,13h49m51.1675s,-39d22m50.268s,0.0,X
423,J1350+305,U,A,13h50m52.736206s,30d34m53.590510s,0.4,W
424,J1351-148,U,A,13h51m52.649611s,-14d49m14.555740s,0.4,S
425,J1354-021,U,A,13h54m06.895319s,-02d06m03.190510s,0.6,S
426,J1354-106,U,C,13h54m46.5118s,-10d41m02.652s,1.99,S
427,J1356-343,U,C,13h56m05.3836s,-34d21m10.824s,0.6,S
428,J1357+193,U,A,13h57m04.436656s,19d19m07.372340s,1.3,S
429,J1357-177,U,A,13h57m06.074200s,-17d44m01.904130s,0.4,S
430,J1357-154,U,A,13h57m11.244974s,-15d27m28.786530s,0.6,S
431,J1357+767,U,A,13h57m55.371519s,76d43m21.051110s,0.4,S
432,J1400+621,U,C,14h00m28.6526s,62d10m38.526s,0.67,S
433,J1404+658,U,C,14h04m05.2760s,65d51m37.516s,0.4,S
434,J1404-015,U,A,14h04m45.895457s,-01d30m21.946690s,0.2,X
435,J1405+042,U,A,14h05m01.119812s,04d15m35.818950s,0.4,X
436,J1407+284,U,A,14h07m00.394410s,28d27m14.689980s,1.3,P
437,J1408-078,U,A,14h08m56.481200s,-07d52m26.666330s,0.6,S
438,J1409-269,U,A,14h09m50.169776s,-26d57m36.979720s,nan,S
439,J1411+215,U,B,14h11m54.862146s,21d34m23.436330s,0.2,X
440,J1415+133,U,A,14h15m58.817499s,13d20m23.712600s,2.0,P
441,J1416+347,U,A,14h16m04.186239s,34d44m36.427560s,0.4,S
442,J1417+461,U,A,14h17m08.161301s,46d07m05.448370s,0.7,S
443,J1419+064,U,A,14h19m08.180173s,06d28m34.803490s,0.0,X
444,J1419+543,U,A,14h19m46.597401s,54d23m14.787210s,1.2,P
445,J1419+383,U,A,14h19m46.613761s,38d21m48.475220s,0.6,S
446,J1419+271,U,A,14h19m59.297063s,27d06m25.552690s,0.2,X
447,J1421+417,U,T,14h21m05.8800s,41d44m49.490s,0.0,X
448,J1425-299,U,T,14h25m29.1162s,-29d59m54.331s,0.0,X
449,J1425+144,U,A,14h25m49.018011s,14d24m56.902560s,0.7,S
450,J1426+364,U,A,14h26m37.087495s,36d25m09.573930s,0.3,W
451,J1427-421,U,A,14h27m56.297560s,-42d06m19.437620s,3.0,S
452,J1429+541,U,A,14h29m21.878790s,54d06m11.122910s,0.2,X
453,J1430+107,U,A,14h30m09.738791s,10d43m26.861970s,0.8,S
454,J1433-158,U,A,14h33m21.459309s,-15d48m44.687310s,0.4,S
455,J1434+198,U,A,14h34m39.793356s,19d52m00.735830s,0.3,W
456,J1435+302,U,A,14h35m35.402165s,30d12m24.520590s,0.2,W
457,J1436+233,U,A,14h36m40.981113s,23d21m03.259730s,0.5,S
458,J1436+636,U,A,14h36m45.802138s,63d36m37.866580s,0.5,S
459,J1438-220,U,A,14h38m09.469425s,-22d04m54.748090s,0.8,S
460,J1438+621,U,C,14h38m44.7873s,62d11m54.397s,0.3,S
461,J1439-155,U,A,14h39m56.872054s,-15d31m50.555240s,nan,S
462,J1445+099,U,A,14h45m16.465213s,09d58m36.072440s,0.4,S
463,J1445-164,U,A,14h45m53.376319s,-16d29m01.619120s,nan,S
464,J1446+173,U,A,14h46m35.346298s,17d21m07.581340s,1.0,P
465,J1448-163,U,A,14h48m15.054162s,-16d20m24.548880s,0.5,S
466,J1449+632,U,T,14h49m21.7153s,63d16m14.465s,0.0,X
467,J1454-377,U,A,14h54m27.409764s,-37d47m33.144830s,1.5,S
468,J1458+042,U,A,14h58m59.356206s,04d16m13.820570s,0.8,X
469,J1459+716,U,A,14h59m07.583867s,71d40m19.867740s,1.9,S
470,J1500+478,U,A,15h00m48.654199s,47d51m15.538260s,0.3,W
471,J1501-396,U,T,15h01m34.7619s,-39d18m40.038s,0.39,W
472,J1504+104,U,A,15h04m24.979783s,10d29m39.198650s,1.4,P
473,J1505+034,U,A,15h05m06.477161s,03d26m30.812610s,0.8,S
474,J1506+375,U,A,15h06m09.529958s,37d30m51.132410s,nan,S
475,J1507-168,U,A,15h07m04.786960s,-16d52m30.267340s,2.4,P
476,J1510+570,U,A,15h10m02.922361s,57d02m43.375970s,0.3,S
477,J1511+053,U,B,15h11m41.2652s,05d18m09.264s,0.7,S
478,J1512-090,U,B,15h12m50.532939s,-09d05m59.829500s,2.5,S
479,J1513+236,U,A,15h13m40.185630s,23d38m35.200460s,nan,S
480,J1513-102,U,A,15h13m44.893444s,-10d12m00.264350s,1.3,P
481,J1513-212,U,A,15h13m56.970129s,-21d14m57.506900s,0.3,S
482,J1516+002,U,A,15h16m40.219072s,00d15m01.908960s,1.2,P
483,J1516+195,U,A,15h16m56.796194s,19d32m12.991870s,0.5,S
484,J1517-243,U,A,15h17m41.813132s,-24d22m19.475940s,2.0,S
485,J1521+436,U,A,15h21m49.613873s,43d36m39.267970s,0.7,S
486,J1522-275,U,A,15h22m37.675991s,-27d30m10.785430s,1.6,P
487,J1526-138,U,B,15h26m59.440733s,-13d51m00.163560s,0.0,X
488,J1534+015,U,A,15h34m52.453675s,01d31m04.206570s,0.7,S
489,J1535+499,U,A,15h35m52.038964s,49d57m39.079680s,0.2,W
490,J1538+003,U,A,15h38m15.953081s,00d19m05.324150s,0.4,S
491,J1540+147,U,A,15h40m49.491511s,14d47m45.884850s,1.1,S
492,J1543-079,U,B,15h43m01.687567s,-07d57m06.629160s,0.4,S
493,J1545+515,U,A,15h45m02.823679s,51d35m00.873280s,0.3,W
494,J1546+004,U,A,15h46m09.531474s,00d26m24.614080s,0.4,S
495,J1549+506,U,A,15h49m17.468534s,50d38m05.788200s,0.8,S
496,J1549+026,U,A,15h49m29.436847s,02d37m01.163470s,1.6,P
497,J1549+214,U,T,15h49m49.0236s,21d25m38.856s,0.0,X
498,J1550+054,U,A,15h50m35.269240s,05d27m10.448230s,2.0,S
499,J1551+581,U,B,15h51m58.207835s,58d06m44.453850s,0.3,W
500,J1553+129,U,A,15h53m32.697866s,12d56m51.716570s,0.5,S
501,J1557-000,U,A,15h57m51.433973s,-00d01m50.413710s,0.93,S
502,J1558-141,U,A,15h58m21.948056s,-14d09m59.050910s,0.4,S
503,J1559+030,U,A,15h59m30.972610s,03d04m48.256960s,0.2,S
504,J1602+334,U,A,16h02m07.263468s,33d26m53.072670s,1.4,P
505,J1608+104,U,A,16h08m46.203179s,10d29m07.775850s,2.1,P
506,J1609+266,U,B,16h09m13.320753s,26d41m29.036380s,0.5,S
507,J1613+342,U,A,16h13m41.064249s,34d12m47.909090s,2.0,P
508,J1616+049,U,A,16h16m37.556816s,04d59m32.736630s,0.5,S
509,J1617+027,U,A,16h17m49.908132s,02d46m43.105200s,0.7,S
510,J1619+227,U,A,16h19m14.824622s,22d47m47.851130s,0.8,S
511,J1624+576,U,A,16h24m24.807563s,57d41m16.280790s,0.6,S
512,J1624+568,U,B,16h24m32.179569s,56d52m28.001140s,0.3,W
513,J1625-254,U,A,16h25m46.891639s,-25d27m38.326880s,0.5,S
514,J1625+415,U,A,16h25m57.669700s,41d34m40.629220s,0.9,S
515,J1626-298,U,A,16h26m06.020843s,-29d51m26.971080s,2.2,P
516,J1629+679,U,C,16h29m51.8440s,67d57m14.948s,0.15,X
517,J1631+494,U,A,16h31m16.539894s,49d27m39.515860s,0.4,W
518,J1632+825,U,A,16h32m31.969981s,82d32m16.399900s,0.6,S
519,J1634+627,U,C,16h34m33.8029s,62d45m35.903s,0.5,S
520,J1635+381,U,A,16h35m15.492973s,38d08m04.500600s,3.3,P
521,J1637+472,U,A,16h37m45.130564s,47d17m33.831340s,1.0,S
522,J1638+573,U,A,16h38m13.456293s,57d20m23.979180s,1.7,P
523,J1638+625,U,C,16h38m28.2058s,62d34m44.318s,nan,S
524,J1639+865,U,C,16h39m25.1184s,86d31m53.194s,0.0,X
525,J1640+397,U,A,16h40m29.632771s,39d46m46.028540s,1.5,P
526,J1640+123,U,A,16h40m47.938850s,12d20m02.078870s,0.45,P
527,J1642-063,U,C,16h42m02.1770s,-06d21m23.810s,1.74,P
528,J1642+689,U,A,16h42m07.848514s,68d56m39.756400s,1.2,P
529,J1642+398,U,A,16h42m58.809951s,39d48m36.993950s,13.0,S
530,J1646+409,U,A,16h46m56.858695s,40d59m17.172100s,0.5,S
531,J1646-224,U,T,16h46m04.7335s,-22d27m59.903s,0.0,X
532,J1650-297,U,A,16h50m39.544144s,-29d43m46.954940s,1.0,S
533,J1651+014,U,A,16h51m03.662382s,01d29m23.458780s,0.5,S
534,J1653+397,U,A,16h53m52.216688s,39d45m36.608900s,1.2,P
535,J1657+570,U,A,16h57m20.708915s,57d05m53.503730s,0.4,?
536,J1658+347,U,A,16h58m01.419204s,34d43m28.402400s,0.2,W
537,J1658+476,U,A,16h58m02.779610s,47d37m49.231340s,1.3,P
538,J1658+076,U,A,16h58m09.011458s,07d41m27.540720s,1.3,P
539,J1658+052,U,A,16h58m33.447350s,05d15m16.444450s,0.6,S
540,J1700+685,U,C,17h00m09.292901s,68d30m06.962420s,0.2,W
541,J1700-261,U,A,17h00m53.154055s,-26d10m51.725110s,0.8,S
542,J1707+456,U,A,17h07m17.753418s,45d36m10.552760s,0.5,S
543,J1707+018,U,A,17h07m34.415277s,01d48m45.699230s,1.0,S
544,J1710+460,U,T,17h10m44.0516s,46d01m29.588s,0.0,X
545,J1714-252,U,C,17h14m47.8570s,-25d14m35.144s,0.17,W
546,J1716+218,U,B,17h16m11.190687s,21d52m13.667720s,0.5,S
547,J1716+686,U,A,17h16m13.938002s,68d36m38.744580s,0.8,S
548,J1719+177,U,A,17h19m13.048469s,17d45m06.436980s,0.9,P
549,J1719+082,U,A,17h19m52.206219s,08d17m03.553930s,0.5,S
550,J1721+357,U,A,17h21m09.491039s,35d42m16.063500s,0.5,S
551,J1727+455,U,A,17h27m27.650808s,45d30m39.731390s,1.6,P
552,J1728+122,U,A,17h28m07.051218s,12d15m39.486000s,0.5,S
553,J1728+502,U,B,17h28m18.623853s,50d13m10.470010s,0.2,X
554,J1728+044,U,A,17h28m24.952716s,04d27m04.914010s,0.8,S
555,J1733-130,U,B,17h33m02.705790s,-13d04m49.548230s,11.0,P
556,J1734+389,U,A,17h34m20.578534s,38d57m51.443100s,1.22,P
557,J1734+094,U,A,17h34m58.376995s,09d26m58.260060s,0.3,S
558,J1735+508,U,A,17h35m49.005180s,50d49m11.565860s,0.7,S
559,J1737+063,U,A,17h37m13.729042s,06d21m03.572370s,0.5,S
560,J1739+499,U,A,17h39m27.390494s,49d55m03.368280s,0.6,S
561,J1739+476,U,A,17h39m57.129066s,47d37m58.361210s,0.9,S
562,J1740+521,U,A,17h40m36.977850s,52d11m43.407500s,0.8,S
563,J1743-309,U,C,17h43m17.8801s,-30d58m17.697s,0.18,W
564,J1743-038,U,A,17h43m58.856137s,-03d50m04.616680s,3.8,P
565,J1744-312,U,C,17h44m23.5826s,-31d16m35.986s,0.59,S
566,J1745+173,U,A,17h45m35.208181s,17d20m01.423410s,0.7,P
567,J1745-290,U,C,17h45m40.0383s,-29d00m28.069s,1.0,X
568,J1747+469,U,A,17h47m26.647281s,46d58m50.926300s,0.6,S
569,J1748+700,U,A,17h48m32.840231s,70d05m50.768820s,0.5,S
570,J1749+433,U,A,17h49m00.360410s,43d21m51.286880s,0.3,W
571,J1751+096,U,A,17h51m32.818573s,09d39m00.728510s,4.5,P
572,J1751-253,U,B,17h51m51.263047s,-25d24m00.060610s,0.13,W
573,J1753+441,U,A,17h53m22.647901s,44d09m45.686080s,0.8,S
574,J1753+288,U,A,17h53m42.473634s,28d48m04.939080s,0.6,S
575,J1800+388,U,A,18h00m24.765367s,38d48m30.697590s,1.9,P
576,J1800+784,U,A,18h00m45.683918s,78d28m04.018510s,3.0,P
577,J1801+440,U,A,18h01m32.314854s,44d04m21.900310s,1.0,X
578,J1804+010,U,A,18h04m15.984606s,01d01m32.407340s,0.6,S
579,J1805+110,U,T,18h05m06.4458s,11d01m31.642s,0.0,X
580,J1806+698,U,A,18h06m50.680650s,69d49m28.108520s,1.6,X
581,J1809+279,U,A,18h09m11.978599s,27d58m11.799580s,0.3,W
582,J1811-209,U,T,18h11m06.8000s,-20d55m03.444s,0.0,X
583,J1820-097,U,T,18h20m38.1071s,-09d47m17.071s,0.0,X
584,J1821+397,U,B,18h21m59.700633s,39d45m59.656800s,0.1,W
585,J1823+796,U,B,18h23m14.108717s,79d38m49.002450s,0.4,W
586,J1824+107,U,A,18h24m02.855259s,10d44m23.774010s,0.5,S
587,J1824+568,U,A,18h24m07.068372s,56d51m01.490880s,1.2,S
588,J1829+487,U,C,18h29m31.7832s,48d44m46.161s,2.5,X
589,J1830+063,U,A,18h30m05.939885s,06d19m15.952480s,0.5,S
590,J1830-360,U,C,18h30m58.8829s,-36d02m30.132s,0.0,X
591,J1832-105,U,C,18h32m20.8360s,-10d35m11.200s,1.25,P
592,J1832+139,U,A,18h32m43.471121s,13d57m44.400300s,0.5,S
593,J1832+285,U,A,18h32m50.185631s,28d33m35.955300s,0.4,S
594,J1833-210,U,C,18h33m39.9150s,-21d03m40.050s,5.22,S
595,J1834-126,U,T,18h34m19.2165s,-12d37m40.945s,0.0,X
596,J1842+681,U,A,18h42m33.641636s,68d09m25.227880s,0.9,S
597,J1845+356,U,A,18h45m35.108870s,35d41m16.726510s,0.2,X
598,J1848+323,U,A,18h48m22.088579s,32d19m02.603500s,0.8,S
599,J1848+327,U,A,18h48m34.361172s,32d44m00.139320s,0.5,S
600,J1849+670,U,A,18h49m16.072300s,67d05m41.679930s,1.0,S
601,J1850+284,U,A,18h50m27.589807s,28d25m13.155570s,0.7,S
602,J1851+005,U,C,18h51m46.7217s,00d35m32.414s,1.1,?
603,J1854+738,U,A,18h54m57.299946s,73d51m19.907470s,0.7,S
604,J1902+319,U,A,19h02m55.938870s,31d59m41.702090s,1.1,X
605,J1911-201,U,A,19h11m09.652893s,-20d06m55.109070s,1.8,P
606,J1922+155,U,B,19h22m34.699188s,15d30m10.032130s,0.7,S
607,J1924+334,U,C,19h24m17.4839s,33d29m29.724s,0.7,S
608,J1924+156,U,A,19h24m39.455877s,15d40m43.941290s,0.4,S
609,J1924-292,U,A,19h24m51.055957s,-29d14m30.121150s,17.0,P
610,J1925+211,U,A,19h25m59.605370s,21d06m26.162180s,1.8,P
611,J1927+612,U,A,19h27m30.442628s,61d17m32.879210s,0.6,S
612,J1927+739,U,B,19h27m48.495196s,73d58m01.569960s,2.0,P
613,J1928+088,U,A,19h28m40.855498s,08d48m48.413060s,0.2,W
614,J1931+227,U,A,19h31m24.916790s,22d43m31.258870s,0.5,S
615,J1933+150,U,C,19h33m21.8176s,15d04m46.513s,0.17,W
616,J1935+205,U,A,19h35m10.472879s,20d31m54.154300s,0.4,W
617,J1937-399,U,A,19h37m16.217362s,-39d58m01.553060s,0.4,S
618,J1939-154,U,A,19h39m26.657740s,-15d25m43.058320s,1.0,P
619,J1939-100,U,A,19h39m57.256573s,-10d02m41.521100s,0.25,X
620,J1941-154,U,T,19h41m15.0289s,-15d24m31.309s,0.0,X
621,J1945+709,U,B,19h45m53.519959s,70d55m48.732040s,0.3,W
622,J1950+081,U,A,19h50m05.5403s,08d07m13.981s,0.6,S
623,J1953+356,U,A,19h53m30.875716s,35d37m59.358390s,0.3,S
624,J1955+139,U,A,19h55m11.571408s,13d58m16.240800s,0.4,S
625,J1955+515,U,A,19h55m42.738273s,51d31m48.546230s,1.2,S
626,J1956-324,U,C,19h56m59.4858s,-32d25m46.277s,0.5,S
627,J1957+336,U,A,19h57m40.549950s,33d38m27.944030s,0.2,W
628,J1957-387,U,A,19h57m59.819271s,-38d45m06.356260s,1.5,S
629,J2000-178,U,A,20h00m57.090448s,-17d48m57.672510s,0.9,S
630,J2002+474,U,A,20h02m10.418290s,47d25m28.773400s,0.9,S
631,J2003-328,U,A,20h03m24.116306s,-32d51m45.132310s,0.6,S
632,J2005+778,U,A,20h05m30.998519s,77d52m43.247610s,1.6,P
633,J2006+644,U,A,20h06m17.694614s,64d24m45.417870s,0.9,P
634,J2007+404,U,B,20h07m44.944851s,40d29m48.604140s,2.3,S
635,J2009+724,U,A,20h09m52.303874s,72d29m19.351050s,0.7,S
636,J2011-067,U,A,20h11m14.215847s,-06d44m03.555190s,0.49,X
637,J2011-157,U,A,20h11m15.710931s,-15d46m40.253820s,1.1,P
638,J2012+464,U,A,20h12m05.637448s,46d28m55.776970s,2.0,P
639,J2015+371,U,C,20h15m28.7333s,37d10m59.505s,2.59,P
640,J2015+341,U,A,20h15m28.831855s,34d10m39.409850s,0.4,S
641,J2016+165,U,A,20h16m13.860024s,16d32m34.112730s,0.6,S
642,J2022+616,U,B,20h22m06.681679s,61d36m58.804700s,2.0,P
643,J2023+318,U,A,20h23m19.017351s,31d53m02.305950s,1.7,P
644,J2023+544,U,A,20h23m55.844024s,54d27m35.828990s,1.1,P
645,J2024+173,U,A,20h24m56.563449s,17d18m13.197600s,0.8,S
646,J2025+032,U,A,20h25m09.632168s,03d16m44.505300s,0.4,W
647,J2025+337,U,A,20h25m10.842097s,33d43m00.214540s,2.5,P
648,J2031+549,U,A,20h31m47.958562s,54d55m03.140600s,0.5,S
649,J2031+123,U,A,20h31m54.994279s,12d19m41.340430s,0.8,S
650,J2035+109,U,A,20h35m22.333316s,10d56m06.789170s,0.4,S
651,J2035+189,U,C,20h35m33.9804s,18d57m05.351s,0.0,X
652,J2038+513,U,A,20h38m37.034755s,51d19m12.662690s,3.3,S
653,J2040-251,U,A,20h40m08.772872s,-25d07m46.662820s,0.4,S
654,J2048+431,U,C,20h48m19.5274s,43d10m42.073s,0.15,X
655,J2049+100,U,A,20h49m45.864995s,10d03m14.398900s,0.9,S
656,J2050+041,U,A,20h50m06.240603s,04d07m48.890510s,0.4,S
657,J2050+314,U,A,20h50m51.131466s,31d27m27.372780s,0.4,S
658,J2051+177,U,A,20h51m35.582917s,17d43m36.900710s,0.4,W
659,J2052+365,U,A,20h52m52.054995s,36d35m35.300210s,0.9,S
660,J2057+509,U,T,20h57m19.9994s,50d58m16.221s,0.0,X
661,J2101+036,U,A,21h01m38.834187s,03d41m31.321590s,0.71,S
662,J2101-423,U,B,21h01m59.114191s,-42d19m16.161870s,0.2,X
663,J2107+422,U,T,21h07m01.5930s,42d14m10.186s,0.0,X
664,J2109+355,U,A,21h09m31.878732s,35d32m57.597420s,1.5,P
665,J2109-411,U,A,21h09m33.188582s,-41d10m20.605300s,1.5,P
666,J2114-256,U,T,21h14m40.0404s,-25d41m48.835s,0.0,X
667,J2115+295,U,A,21h15m29.413455s,29d33m38.366940s,0.7,S
668,J2123+055,U,A,21h23m44.517391s,05d35m22.093210s,7.0,P
669,J2125+643,U,A,21h25m27.447062s,64d23m39.354150s,0.6,S
670,J2129-156,U,A,21h29m12.175902s,-15d38m41.040850s,0.7,S
671,J2129-183,U,A,21h29m21.419099s,-18d21m22.790190s,0.25,X
672,J2130+050,U,B,21h30m32.877499s,05d02m17.474690s,0.6,S
673,J2131-206,U,T,21h31m01.4866s,-20d36m56.376s,0.0,X
674,J2131-121,U,A,21h31m35.261758s,-12d07m04.795880s,3.5,P
675,J2134-018,U,A,21h34m10.309614s,-01d53m17.238900s,2.1,P
676,J2136+006,U,B,21h36m38.586299s,00d41m54.213350s,4.0,P
677,J2137-207,U,C,21h37m50.0018s,-20d42m31.751s,0.4,S
678,J2139+143,U,A,21h39m01.309267s,14d23m35.991990s,1.8,P
679,J2142-046,U,A,21h42m36.901689s,-04d37m43.512810s,0.2,X
680,J2146-154,U,A,21h46m22.979340s,-15d25m43.885260s,0.4,S
681,J2147+094,U,A,21h47m10.162971s,09d29m46.672450s,0.6,S
682,J2148+069,U,A,21h48m05.458679s,06d57m38.604220s,3.0,P
683,J2148+611,U,C,21h48m16.0454s,61d07m05.838s,0.8,S
684,J2150+148,U,C,21h50m23.6016s,14d49m47.908s,0.1,X
685,J2151+071,U,A,21h51m31.429323s,07d09m26.783920s,0.5,S
686,J2151+058,U,A,21h51m37.875501s,05d52m12.954350s,0.3,S
687,J2151-304,U,A,21h51m55.524001s,-30d27m53.698170s,0.7,S
688,J2152+175,U,A,21h52m24.819405s,17d34m37.794820s,0.8,S
689,J2156+485,U,T,21h56m37.9064s,48d30m27.590s,0.0,X
690,J2158-150,U,A,21h58m06.281901s,-15d01m09.328090s,1.3,P
691,J2201+508,U,A,22h01m43.537273s,50d48m56.388690s,0.6,S
692,J2202+422,U,A,22h02m43.291377s,42d16m39.979940s,3.5,P
693,J2203+317,U,A,22h03m14.975790s,31d45m38.269940s,1.1,S
694,J2203+626,U,T,22h03m20.9623s,62d40m34.271s,0.0,X
695,J2203+174,U,A,22h03m26.893691s,17d25m48.247840s,1.7,P
696,J2206-185,U,B,22h06m10.417082s,-18d35m38.746520s,2.2,S
697,J2209+377,U,A,22h09m21.425073s,37d42m18.225670s,0.4,W
698,J2212+239,U,A,22h12m05.966318s,23d55m40.543880s,0.5,S
699,J2213-254,U,A,22h13m02.497951s,-25d29m30.079710s,1.3,P
700,J2216+353,U,A,22h16m20.009910s,35d18m14.180560s,0.25,X
701,J2217+243,U,A,22h17m00.821186s,24d21m45.958090s,0.7,S
702,J2217+023,U,A,22h17m48.237969s,02d20m10.712670s,0.5,S
703,J2218-035,U,A,22h18m52.037725s,-03d35m36.879410s,1.5,P
704,J2219-279,U,T,22h19m40.9420s,-27d56m26.860s,0.15,X
705,J2225+213,U,A,22h25m38.047132s,21d18m06.414850s,0.6,S
706,J2225-049,U,A,22h25m47.259291s,-04d57m01.390730s,6.6,P
707,J2226+008,U,A,22h26m46.537050s,00d52m11.331960s,0.5,S
708,J2229-085,U,A,22h29m40.084346s,-08d32m54.435410s,1.4,P
709,J2230+697,U,A,22h30m36.469725s,69d46m28.076980s,1.1,P
710,J2230-397,U,A,22h30m40.278593s,-39d42m52.067240s,0.6,S
711,J2232+117,U,B,22h32m36.408914s,11d43m50.904100s,3.4,S
712,J2236+284,U,A,22h36m22.470860s,28d28m57.413290s,1.5,P
713,J2236-145,U,A,22h36m34.087168s,-14d33m22.189590s,0.4,W
714,J2241+413,U,A,22h41m07.205247s,41d20m11.618220s,0.4,S
715,J2241+098,U,A,22h41m49.717334s,09d53m52.445290s,0.6,S
716,J2243-257,U,A,22h43m26.408781s,-25d44m30.687300s,nan,S
717,J2245+034,U,A,22h45m28.284772s,03d24m08.864310s,0.3,S
718,J2246-121,U,A,22h46m18.231976s,-12d06m51.277340s,2.6,P
719,J2247+031,U,A,22h47m58.682108s,03d10m42.353940s,0.8,S
720,J2248-325,U,A,22h48m38.685732s,-32d35m52.187830s,0.4,S
721,J2249+211,U,A,22h49m00.566733s,21d07m02.835470s,0.8,S
722,J2250+143,U,T,22h50m25.5400s,14d19m50.600s,0.6,S
723,J2250+714,U,T,22h50m32.5870s,71d29m19.060s,0.0,X
724,J2253+161,U,A,22h53m57.747932s,16d08m53.560890s,15.0,P
725,J2254+247,U,A,22h54m09.341903s,24d45m23.422800s,0.65,S
726,J2255+420,U,A,22h55m36.707856s,42d02m52.532810s,0.6,S
727,J2257+077,U,A,22h57m17.303120s,07d43m12.302840s,0.4,S
728,J2258-279,U,B,22h58m05.962888s,-27d58m21.256750s,2.6,P
729,J2307+325,U,A,23h07m15.912560s,32d30m31.936840s,0.4,W
730,J2307-415,U,T,23h07m54.3358s,-41d32m42.812s,0.0,X
731,J2311+344,U,B,23h11m05.3290s,34d25m10.900s,0.6,S
732,J2311+457,U,A,23h11m47.408957s,45d43m56.016320s,0.6,S
733,J2314-449,U,B,23h14m09.382807s,-44d55m49.237720s,0.62,S
734,J2320+052,U,A,23h20m44.856598s,05d13m49.952660s,1.1,P
735,J2321+275,U,A,23h21m59.862235s,27d32m46.443430s,0.6,S
736,J2322+509,U,A,23h22m25.982159s,50d57m51.963710s,1.6,S
737,J2322+082,U,A,23h22m36.089472s,08d12m01.592800s,0.5,S
738,J2323-032,U,A,23h23m31.953757s,-03d17m05.023800s,0.7,S
739,J2325+437,U,T,23h25m42.3260s,43d46m58.810s,0.0,X
740,J2327+096,U,A,23h27m33.580579s,09d40m09.462780s,1.1,P
741,J2327-147,U,A,23h27m47.964268s,-14d47m55.750680s,0.5,S
742,J2330+338,U,A,23h30m13.737653s,33d48m36.471770s,0.8,S
743,J2330+110,U,A,23h30m40.852257s,11d00m18.709840s,0.9,S
744,J2331-159,U,A,23h31m38.652436s,-15d56m57.009520s,0.7,S
745,J2333-237,U,A,23h33m55.237807s,-23d43m40.657990s,0.9,S
746,J2334+076,U,A,23h34m12.828194s,07d36m27.552040s,1.3,P
747,J2339-331,U,C,23h39m54.5330s,-33d10m16.900s,0.4,S
748,J2340+266,U,A,23h40m29.029462s,26d41m56.804850s,0.4,S
749,J2343+538,U,T,23h43m48.3973s,53d48m40.791s,0.0,X
750,J2344+824,U,C,23h44m03.7718s,82d26m40.401s,0.4,W
751,J2345+659,U,T,23h45m34.0218s,65d57m18.413s,0.0,X
752,J2346+095,U,A,23h46m36.838558s,09d30m45.514970s,1.2,S
753,J2348-165,U,B,23h48m02.608516s,-16d31m12.022020s,1.8,P
754,J2349+387,U,A,23h49m20.826537s,38d49m17.558430s,0.6,S
755,J2350+646,U,T,23h50m54.9176s,64d40m17.830s,0.0,X
756,J2354+458,U,A,23h54m21.680266s,45d53m04.236530s,1.2,S
757,J2354-152,U,A,23h54m30.195190s,-15d13m11.213010s,0.6,S
758,J2355+498,U,B,23h55m09.458169s,49d50m08.340000s,0.9,S
759,J2356+818,U,A,23h56m22.793779s,81d52m52.255210s,0.5,W
760,J2357-114,U,A,23h57m31.197570s,-11d25m39.176340s,0.8,S
761,J2358-103,U,A,23h58m10.882409s,-10d20m08.611260s,1.15,P
762,J2358+199,U,A,23h58m46.085139s,19d55m20.302110s,0.5,S
